Date,Open,High,Low,Close,% Change,% Change vs Average,Volume
2022-01-02T18:30:00.000Z,1895,1937.45,1893.65,1922.85,1.42,1.31,"19,06,676"
2022-01-03T18:30:00.000Z,1922.85,1943,1914.55,1937.55,0.76,0.65,"16,43,920"
2022-01-04T18:30:00.000Z,1940.7,1951,1927.65,1948.6,0.57,0.46,"17,11,667"
2022-01-05T18:30:00.000Z,1944.5,1953,1919.6,1924.5,-1.24,-1.35,"13,72,015"
2022-01-06T18:30:00.000Z,1929.05,1934.95,1897.15,1904.9,-1.02,-1.13,"14,47,123"
2022-01-09T18:30:00.000Z,1910,1959.95,1907.25,1953.1,2.53,2.42,"23,97,846"
2022-01-10T18:30:00.000Z,1949,1970,1937.65,1961.15,0.41,0.3,"22,32,435"
2022-01-11T18:30:00.000Z,1978.5,1984,1960.3,1974.2,0.67,0.55,"15,85,970"
2022-01-12T18:30:00.000Z,1975.55,2029,1975.55,2018.4,2.24,2.13,"23,73,324"
2022-01-13T18:30:00.000Z,2014,2049.95,2007,2044.75,1.31,1.19,"31,24,945"
2022-01-16T18:30:00.000Z,2044.75,2071.95,2042,2069.4,1.21,1.09,"18,58,651"
2022-01-17T18:30:00.000Z,2075.65,2078.55,2010.55,2022.2,-2.28,-2.39,"14,60,676"
2022-01-18T18:30:00.000Z,2019.9,2027,1987,2020.9,-0.06,-0.18,"23,36,679"
2022-01-19T18:30:00.000Z,2020,2035,1984.1,2003.5,-0.86,-0.97,"20,31,107"
2022-01-20T18:30:00.000Z,1982.15,1994.8,1943.05,1956.05,-2.37,-2.48,"22,09,132"
2022-01-23T18:30:00.000Z,1955,1959,1881.55,1899.9,-2.87,-2.98,"23,07,120"
2022-01-24T18:30:00.000Z,1895,1931.3,1850.1,1925.3,1.34,1.22,"29,98,042"
2022-01-26T18:30:00.000Z,1914.55,1922,1867,1910.85,-0.75,-0.86,"29,32,713"
2022-01-27T18:30:00.000Z,1916.1,1948,1891.3,1897.55,-0.7,-0.81,"22,33,620"
2022-01-30T18:30:00.000Z,1890.2,1924,1850.45,1909.2,0.61,0.5,"31,61,064"
2022-01-31T18:30:00.000Z,1928.65,1999.9,1917,1990.5,4.26,4.15,"53,92,787"
2022-02-01T18:30:00.000Z,1995.1,2008,1970.6,1982.7,-0.39,-0.5,"35,79,380"
2022-02-02T18:30:00.000Z,1981.5,1985,1930,1933.65,-2.47,-2.59,"22,62,217"
2022-02-03T18:30:00.000Z,1948,1957.8,1923.3,1947.95,0.74,0.63,"14,40,816"
2022-02-06T18:30:00.000Z,1932.5,1947.5,1874.55,1884.5,-3.26,-3.37,"26,41,464"
2022-02-07T18:30:00.000Z,1890,1896.95,1848,1875.6,-0.47,-0.58,"20,40,523"
2022-02-08T18:30:00.000Z,1884.5,1899.9,1875.6,1888.8,0.7,0.59,"13,90,810"
2022-02-09T18:30:00.000Z,1892,1911,1881,1901,0.65,0.53,"12,88,856"
2022-02-10T18:30:00.000Z,1889,1889,1850,1871.25,-1.56,-1.68,"17,44,894"
2022-02-13T18:30:00.000Z,1843.25,1846.95,1795,1799,-3.86,-3.97,"22,90,199"
2022-02-14T18:30:00.000Z,1810,1882,1806.15,1876.05,4.28,4.17,"26,02,134"
2022-02-15T18:30:00.000Z,1876.05,1887.3,1842.15,1860.7,-0.82,-0.93,"18,98,439"
2022-02-16T18:30:00.000Z,1869,1884.9,1854.1,1868.7,0.43,0.32,"14,59,905"
2022-02-17T18:30:00.000Z,1870,1896,1865.15,1883.1,0.77,0.66,"19,12,482"
2022-02-20T18:30:00.000Z,1874.95,1883.9,1848.85,1863.95,-1.02,-1.13,"12,62,585"
2022-02-21T18:30:00.000Z,1813,1855,1800.5,1844.45,-1.05,-1.16,"22,88,298"
2022-02-22T18:30:00.000Z,1849,1852,1816.15,1820.3,-1.31,-1.42,"15,83,872"
2022-02-23T18:30:00.000Z,1783.25,1800,1751,1757.35,-3.46,-3.57,"36,16,355"
2022-02-24T18:30:00.000Z,1782,1798.7,1765,1777.05,1.12,1.01,"24,76,882"
2022-02-27T18:30:00.000Z,1764.9,1822.25,1752.8,1816.75,2.23,2.12,"25,53,662"
2022-03-01T18:30:00.000Z,1800,1826.95,1768.5,1784.5,-1.78,-1.89,"31,52,628"
2022-03-02T18:30:00.000Z,1810,1813.55,1745.55,1752.3,-1.8,-1.92,"22,59,979"
2022-03-03T18:30:00.000Z,1740,1754.05,1703,1711.75,-2.31,-2.43,"39,06,819"
2022-03-06T18:30:00.000Z,1658.25,1666.8,1605.55,1634.45,-4.52,-4.63,"63,18,251"
2022-03-07T18:30:00.000Z,1627.9,1666,1595,1658.5,1.47,1.36,"44,21,730"
2022-03-08T18:30:00.000Z,1676.5,1699.8,1650.05,1690.95,1.96,1.84,"33,06,502"
2022-03-09T18:30:00.000Z,1740,1758,1707,1728.2,2.2,2.09,"27,76,325"
2022-03-10T18:30:00.000Z,1720,1735.45,1705.8,1728.65,0.03,-0.09,"15,77,597"
2022-03-13T18:30:00.000Z,1735,1754,1715.5,1746.75,1.05,0.93,"15,58,334"
2022-03-14T18:30:00.000Z,1748,1765,1726.6,1743.45,-0.19,-0.3,"20,62,332"
2022-03-15T18:30:00.000Z,1761,1770.65,1746.2,1756.2,0.73,0.62,"21,01,909"
2022-03-16T18:30:00.000Z,1781.15,1804.6,1768.45,1787.9,1.81,1.69,"33,83,036"
2022-03-20T18:30:00.000Z,1805,1805,1745,1756.3,-1.77,-1.88,"23,01,462"
2022-03-21T18:30:00.000Z,1756.3,1777,1721.15,1774.05,1.01,0.9,"39,86,030"
2022-03-22T18:30:00.000Z,1780,1791.55,1759.15,1767.25,-0.38,-0.5,"15,74,226"
2022-03-23T18:30:00.000Z,1755,1779.7,1751,1771.55,0.24,0.13,"15,80,887"
2022-03-24T18:30:00.000Z,1775.6,1777.9,1739,1751.1,-1.15,-1.27,"14,83,897"
2022-03-27T18:30:00.000Z,1752,1755,1725.1,1741.6,-0.54,-0.65,"17,99,629"
2022-03-28T18:30:00.000Z,1748.7,1754.1,1733,1746.65,0.29,0.18,"20,71,779"
2022-03-29T18:30:00.000Z,1766.9,1777.05,1754.1,1773.6,1.54,1.43,"17,12,835"
2022-03-30T18:30:00.000Z,1779.95,1781.35,1758,1767.65,-0.34,-0.45,"14,01,916"
2022-03-31T18:30:00.000Z,1759,1794,1759,1790.1,1.27,1.16,"20,50,573"
2022-04-03T18:30:00.000Z,1784,1829.85,1776.6,1826.35,2.03,1.91,"19,55,281"
2022-04-04T18:30:00.000Z,1840,1845,1827,1836.05,0.53,0.42,"17,18,581"
2022-04-05T18:30:00.000Z,1833,1858,1827.7,1852.8,0.91,0.8,"22,45,496"
2022-04-06T18:30:00.000Z,1849.9,1855.85,1810.15,1826.3,-1.43,-1.54,"20,03,954"
2022-04-07T18:30:00.000Z,1835.4,1838.9,1818.05,1830.75,0.24,0.13,"19,03,321"
2022-04-10T18:30:00.000Z,1820.25,1829.75,1779,1781.5,-2.69,-2.8,"22,62,446"
2022-04-11T18:30:00.000Z,1780,1781.5,1733.6,1747.7,-1.9,-2.01,"42,15,141"
2022-04-12T18:30:00.000Z,1754.2,1772.85,1747.1,1760.8,0.75,0.64,"16,73,417"
2022-04-17T18:30:00.000Z,1746.3,1749.95,1715,1738.35,-1.27,-1.39,"18,08,707"
2022-04-18T18:30:00.000Z,1748.3,1760.75,1687,1705.75,-1.88,-1.99,"27,37,766"
2022-04-19T18:30:00.000Z,1709.95,1712.4,1671.35,1691.6,-0.83,-0.94,"38,32,617"
2022-04-20T18:30:00.000Z,1702.95,1725.8,1700,1714.5,1.35,1.24,"17,97,489"
2022-04-21T18:30:00.000Z,1701,1716.4,1690.4,1694.35,-1.18,-1.29,"14,74,689"
2022-04-24T18:30:00.000Z,1675,1675,1652,1657.35,-2.18,-2.3,"19,64,344"
2022-04-25T18:30:00.000Z,1680,1703.1,1664,1699.95,2.57,2.46,"24,40,990"
2022-04-26T18:30:00.000Z,1675,1691.6,1666.7,1677.05,-1.35,-1.46,"13,46,726"
2022-04-27T18:30:00.000Z,1690,1731,1680,1719.25,2.52,2.4,"31,17,433"
2022-04-28T18:30:00.000Z,1731,1739,1687.15,1694.35,-1.45,-1.56,"24,04,830"
2022-05-01T18:30:00.000Z,1668.6,1685.95,1655.05,1679.45,-0.88,-0.99,"13,99,802"
2022-05-03T18:30:00.000Z,1679.5,1681.9,1625.05,1633.95,-2.71,-2.82,"17,77,673"
2022-05-04T18:30:00.000Z,1650.7,1671.2,1633,1637.65,0.23,0.11,"17,07,752"
2022-05-05T18:30:00.000Z,1616,1633,1612.1,1622.45,-0.93,-1.04,"14,39,520"
2022-05-08T18:30:00.000Z,1607.55,1629.85,1591.25,1616.15,-0.39,-0.5,"14,00,010"
2022-05-09T18:30:00.000Z,1611,1629.6,1601,1607.95,-0.51,-0.62,"11,76,030"
2022-05-10T18:30:00.000Z,1600.5,1609,1557.35,1570.8,-2.31,-2.42,"29,88,788"
2022-05-11T18:30:00.000Z,1550,1554.95,1513.1,1526.15,-2.84,-2.95,"34,07,191"
2022-05-12T18:30:00.000Z,1530,1574.9,1502,1534.5,0.55,0.43,"43,28,846"
2022-05-15T18:30:00.000Z,1550,1567.5,1539.45,1542.9,0.55,0.44,"17,75,914"
2022-05-16T18:30:00.000Z,1545,1607.9,1545,1604.1,3.97,3.85,"16,08,711"
2022-05-17T18:30:00.000Z,1623,1623,1565,1572.5,-1.97,-2.08,"29,84,009"
2022-05-18T18:30:00.000Z,1550,1562.75,1540.35,1547.95,-1.56,-1.67,"17,98,843"
2022-05-19T18:30:00.000Z,1569.4,1613.45,1561.05,1610.1,4.01,3.9,"21,75,224"
2022-05-22T18:30:00.000Z,1629,1660,1605.6,1644.15,2.11,2,"41,77,811"
2022-05-23T18:30:00.000Z,1644.8,1653.7,1610.1,1626.3,-1.09,-1.2,"19,70,395"
2022-05-24T18:30:00.000Z,1633,1639.7,1571.1,1574.75,-3.17,-3.28,"14,17,130"
2022-05-25T18:30:00.000Z,1575,1588.9,1536.65,1564.55,-0.65,-0.76,"35,78,710"
2022-05-26T18:30:00.000Z,1575.2,1606,1574,1600.3,2.29,2.17,"12,79,218"
2022-05-29T18:30:00.000Z,1620,1663.7,1613.6,1660.85,3.78,3.67,"21,19,326"
2022-05-30T18:30:00.000Z,1660.5,1674.4,1645,1654.5,-0.38,-0.49,"35,34,742"
2022-05-31T18:30:00.000Z,1653.55,1661,1638.45,1648,-0.39,-0.5,"14,25,466"
2022-06-01T18:30:00.000Z,1632,1649.45,1623.7,1637.15,-0.66,-0.77,"18,52,251"
2022-06-02T18:30:00.000Z,1657.95,1673.7,1644.95,1652.05,0.91,0.8,"29,28,263"
2022-06-05T18:30:00.000Z,1652.15,1662.3,1634.1,1640.2,-0.72,-0.83,"15,38,005"
2022-06-06T18:30:00.000Z,1630,1638.4,1586.1,1589.45,-3.09,-3.21,"21,57,491"
2022-06-07T18:30:00.000Z,1595,1607.8,1570.1,1584.55,-0.31,-0.42,"21,22,442"
2022-06-08T18:30:00.000Z,1556.2,1600,1556.2,1595.1,0.67,0.55,"13,61,104"
2022-06-09T18:30:00.000Z,1570,1594.5,1569.05,1585.1,-0.63,-0.74,"13,37,799"
2022-06-12T18:30:00.000Z,1560.15,1565.95,1518.3,1532.05,-3.35,-3.46,"24,60,367"
2022-06-13T18:30:00.000Z,1532.05,1554.3,1525.2,1544.65,0.82,0.71,"19,83,405"
2022-06-14T18:30:00.000Z,1547.95,1567,1539.05,1560.35,1.02,0.9,"14,61,683"
2022-06-15T18:30:00.000Z,1568.4,1575,1516.75,1527.4,-2.11,-2.22,"23,29,325"
2022-06-16T18:30:00.000Z,1522,1529.95,1481.4,1489.95,-2.45,-2.56,"45,48,572"
2022-06-19T18:30:00.000Z,1490,1497.85,1456.35,1471.8,-1.22,-1.33,"18,37,431"
2022-06-20T18:30:00.000Z,1480,1515.2,1476.9,1500.3,1.94,1.82,"14,58,922"
2022-06-21T18:30:00.000Z,1490,1490.95,1468,1478.75,-1.44,-1.55,"19,06,619"
2022-06-22T18:30:00.000Z,1481.5,1511.75,1481.5,1494.3,1.05,0.94,"18,28,491"
2022-06-23T18:30:00.000Z,1501.75,1512,1489,1494.85,0.04,-0.08,"17,31,440"
2022-06-26T18:30:00.000Z,1524,1544.7,1509.75,1535.8,2.74,2.63,"23,89,778"
2022-06-27T18:30:00.000Z,1530,1557.5,1524.1,1551.5,1.02,0.91,"20,72,405"
2022-06-28T18:30:00.000Z,1531.25,1554,1525.4,1547.9,-0.23,-0.34,"14,80,197"
2022-06-29T18:30:00.000Z,1549.05,1566.9,1542.1,1558.25,0.67,0.56,"33,08,971"
2022-06-30T18:30:00.000Z,1560.95,1576,1534.6,1572.15,0.89,0.78,"12,94,305"
2022-07-03T18:30:00.000Z,1572.1,1587.45,1550.2,1581.7,0.61,0.5,"12,69,969"
2022-07-04T18:30:00.000Z,1584,1597.25,1561.6,1564.9,-1.06,-1.17,"14,45,200"
2022-07-05T18:30:00.000Z,1565.55,1590.5,1551.8,1556.15,-0.56,-0.67,"24,22,594"
2022-07-06T18:30:00.000Z,1565.9,1614.15,1565.65,1611.1,3.53,3.42,"16,97,912"
2022-07-07T18:30:00.000Z,1621,1702,1618,1687.45,4.74,4.63,"65,16,138"
2022-07-10T18:30:00.000Z,1684.95,1688.85,1653.4,1663,-1.45,-1.56,"13,16,037"
2022-07-11T18:30:00.000Z,1655,1672.9,1649.05,1653.75,-0.56,-0.67,"7,81,516"
2022-07-12T18:30:00.000Z,1664,1683.25,1644.4,1647.25,-0.39,-0.51,"19,14,814"
2022-07-13T18:30:00.000Z,1651.85,1667.35,1634.6,1646.15,-0.07,-0.18,"11,70,472"
2022-07-14T18:30:00.000Z,1653.9,1687.85,1649.2,1684.85,2.35,2.24,"13,45,141"
2022-07-17T18:30:00.000Z,1696.05,1734.6,1690,1727.65,2.54,2.43,"32,00,640"
2022-07-18T18:30:00.000Z,1719.95,1734.95,1714,1729.8,0.12,0.01,"13,51,783"
2022-07-19T18:30:00.000Z,1740.35,1746.85,1727.95,1739.95,0.59,0.47,"15,09,911"
2022-07-20T18:30:00.000Z,1726.9,1768.95,1715.1,1765.15,1.45,1.34,"28,27,327"
2022-07-21T18:30:00.000Z,1765.5,1779.55,1752.55,1767.75,0.15,0.04,"14,95,629"
2022-07-24T18:30:00.000Z,1765,1785.5,1760.05,1782.45,0.83,0.72,"19,16,615"
2022-07-25T18:30:00.000Z,1780.75,1780.75,1741.9,1751.25,-1.75,-1.86,"15,85,897"
2022-07-26T18:30:00.000Z,1754,1819.5,1750,1796.65,2.59,2.48,"53,69,460"
2022-07-27T18:30:00.000Z,1805,1816,1786.95,1801.25,0.26,0.14,"18,31,059"
2022-07-28T18:30:00.000Z,1814.95,1832.5,1794,1808.05,0.38,0.27,"17,47,781"
2022-07-31T18:30:00.000Z,1808,1817.85,1790.3,1814.7,0.37,0.26,"13,41,943"
2022-08-01T18:30:00.000Z,1809,1811.65,1775.7,1793.05,-1.19,-1.31,"17,49,346"
2022-08-02T18:30:00.000Z,1793.05,1804,1773,1789.8,-0.18,-0.29,"12,64,299"
2022-08-03T18:30:00.000Z,1793.8,1814.8,1775,1780.1,-0.54,-0.65,"18,56,927"
2022-08-04T18:30:00.000Z,1782.95,1807,1775.3,1787.45,0.41,0.3,"14,30,542"
2022-08-07T18:30:00.000Z,1796.4,1832.05,1790.25,1829.65,2.36,2.25,"26,25,195"
2022-08-09T18:30:00.000Z,1830,1867,1822.25,1855.15,1.39,1.28,"34,22,074"
2022-08-10T18:30:00.000Z,1870.05,1878.8,1855.2,1867.15,0.65,0.53,"19,18,049"
2022-08-11T18:30:00.000Z,1865,1869,1838,1846.45,-1.11,-1.22,"10,41,383"
2022-08-15T18:30:00.000Z,1860,1864,1842,1848.9,0.13,0.02,"14,26,893"
2022-08-16T18:30:00.000Z,1861.45,1867.35,1850.05,1855.7,0.37,0.26,"17,48,371"
2022-08-17T18:30:00.000Z,1857,1898.55,1850,1894.55,2.09,1.98,"25,19,639"
2022-08-18T18:30:00.000Z,1894.1,1942,1892.75,1936.05,2.19,2.08,"41,34,598"
2022-08-21T18:30:00.000Z,1937.1,1944,1875,1880.65,-2.86,-2.97,"31,75,874"
2022-08-22T18:30:00.000Z,1870,1911.95,1865.7,1877.05,-0.19,-0.3,"18,11,509"
2022-08-23T18:30:00.000Z,1876,1898,1851.6,1893.35,0.87,0.76,"15,34,933"
2022-08-24T18:30:00.000Z,1900,1918,1873,1877.9,-0.82,-0.93,"11,21,363"
2022-08-25T18:30:00.000Z,1890.2,1912,1887.2,1905.4,1.46,1.35,"11,19,310"
2022-08-28T18:30:00.000Z,1870,1890,1861,1881.5,-1.25,-1.37,"11,83,546"
2022-08-29T18:30:00.000Z,1893.9,1928,1889.15,1922.5,2.18,2.07,"13,94,462"
2022-08-31T18:30:00.000Z,1905,1930.5,1892.1,1912.95,-0.5,-0.61,"20,14,905"
2022-09-01T18:30:00.000Z,1900.5,1958.8,1900.25,1940.5,1.44,1.33,"32,01,140"
2022-09-04T18:30:00.000Z,1947.95,1972.75,1942.1,1968.35,1.44,1.32,"24,74,746"
2022-09-05T18:30:00.000Z,1973.8,1985.1,1951.3,1962.3,-0.31,-0.42,"11,72,733"
2022-09-06T18:30:00.000Z,1941.1,1961.35,1934,1958.1,-0.21,-0.33,"12,38,549"
2022-09-07T18:30:00.000Z,1967.9,1977,1947.55,1974.4,0.83,0.72,"16,32,797"
2022-09-08T18:30:00.000Z,1977.35,1987.4,1944,1949.75,-1.25,-1.36,"9,80,869"
2022-09-11T18:30:00.000Z,1949.75,1967,1947.9,1961.9,0.62,0.51,"7,91,708"
2022-09-12T18:30:00.000Z,1968.9,1995,1963.1,1991.35,1.5,1.39,"17,61,021"
2022-09-13T18:30:00.000Z,1964.65,1972.95,1949.4,1953.9,-1.88,-1.99,"23,22,752"
2022-09-14T18:30:00.000Z,1959.1,1984.7,1954.8,1957.5,0.18,0.07,"15,66,565"
2022-09-15T18:30:00.000Z,1947,1956.9,1915,1920,-1.92,-2.03,"38,81,617"
2022-09-18T18:30:00.000Z,1921.1,1931.95,1905,1910.7,-0.48,-0.6,"17,55,456"
2022-09-19T18:30:00.000Z,1931,1955.8,1925,1932.7,1.15,1.04,"16,66,658"
2022-09-20T18:30:00.000Z,1921.1,1946.3,1891.6,1895.65,-1.92,-2.03,"16,18,385"
2022-09-21T18:30:00.000Z,1882,1905.6,1873,1888.2,-0.39,-0.51,"18,75,115"
2022-09-22T18:30:00.000Z,1890,1895.45,1852.55,1856.85,-1.66,-1.77,"19,48,766"
2022-09-25T18:30:00.000Z,1849,1876.8,1818,1851.45,-0.29,-0.4,"15,29,101"
2022-09-26T18:30:00.000Z,1856,1864,1832.5,1841.2,-0.55,-0.67,"14,43,698"
2022-09-27T18:30:00.000Z,1829.7,1856,1825.6,1835.45,-0.31,-0.42,"18,53,503"
2022-09-28T18:30:00.000Z,1844.65,1857.4,1797.4,1815.5,-1.09,-1.2,"23,77,718"
2022-09-29T18:30:00.000Z,1823.95,1882.95,1816.05,1847.7,1.77,1.66,"23,39,518"
2022-10-02T18:30:00.000Z,1852,1852,1814,1819.3,-1.54,-1.65,"18,50,414"
2022-10-03T18:30:00.000Z,1835.3,1880.95,1835.3,1871.55,2.87,2.76,"16,37,532"
2022-10-05T18:30:00.000Z,1882,1919,1878.1,1912.95,2.21,2.1,"27,71,898"
2022-10-06T18:30:00.000Z,1905,1928.95,1903.05,1924.55,0.61,0.49,"14,69,264"
2022-10-09T18:30:00.000Z,1905,1917,1883.5,1909.65,-0.77,-0.89,"16,56,954"
2022-10-10T18:30:00.000Z,1923.8,1923.8,1871.25,1878.95,-1.61,-1.72,"10,47,963"
2022-10-11T18:30:00.000Z,1880,1916,1858.05,1911.25,1.72,1.61,"19,07,748"
2022-10-12T18:30:00.000Z,1901,1912,1868.25,1876.15,-1.84,-1.95,"13,03,645"
2022-10-13T18:30:00.000Z,1900,1936.75,1898.45,1911.6,1.89,1.78,"18,19,114"
2022-10-16T18:30:00.000Z,1902.9,1914,1878.4,1883.2,-1.49,-1.6,"25,88,147"
2022-10-17T18:30:00.000Z,1893.1,1931.2,1893.1,1918.1,1.85,1.74,"14,01,849"
2022-10-18T18:30:00.000Z,1920,1947,1901.65,1904.9,-0.69,-0.8,"16,36,141"
2022-10-19T18:30:00.000Z,1898.65,1917.8,1886.3,1904.15,-0.04,-0.15,"13,74,019"
2022-10-20T18:30:00.000Z,1913.7,1925,1867.1,1876.75,-1.44,-1.55,"22,25,676"
2022-10-23T18:30:00.000Z,1906,1919.9,1900,1909.75,1.76,1.65,"2,69,400"
2022-10-24T18:30:00.000Z,1915,1954.65,1891.55,1949.1,2.06,1.95,"21,36,147"
2022-10-26T18:30:00.000Z,1952.1,1971.85,1949.9,1964.05,0.77,0.65,"22,45,395"
2022-10-27T18:30:00.000Z,1972,1986,1963.8,1975.05,0.56,0.45,"20,13,794"
2022-10-30T18:30:00.000Z,1986,2034.65,1978.2,2023.1,2.43,2.32,"31,76,507"
2022-10-31T18:30:00.000Z,2032,2056,1990.05,2024.45,0.07,-0.05,"44,64,211"
2022-11-01T18:30:00.000Z,2036.5,2042,2000,2013.3,-0.55,-0.66,"18,89,651"
2022-11-02T18:30:00.000Z,2006,2022.5,1993,2008.7,-0.23,-0.34,"10,52,241"
2022-11-03T18:30:00.000Z,2010,2029.35,2004.75,2015.1,0.32,0.21,"23,12,753"
2022-11-06T18:30:00.000Z,2021.4,2032,1993,2017.65,0.13,0.01,"13,95,070"
2022-11-08T18:30:00.000Z,2025.05,2036.95,1996.25,2003.5,-0.7,-0.81,"13,01,233"
2022-11-09T18:30:00.000Z,1995,2001.85,1970.2,1977.65,-1.29,-1.4,"12,61,210"
2022-11-10T18:30:00.000Z,2003.6,2018.8,1991.95,2011.1,1.69,1.58,"12,03,125"
2022-11-13T18:30:00.000Z,2013.05,2021.9,1995.25,1999.8,-0.56,-0.67,"11,75,155"
2022-11-14T18:30:00.000Z,2003,2017,1978.1,1996.55,-0.16,-0.27,"14,50,841"
2022-11-15T18:30:00.000Z,1986,2009.85,1985.05,2003.6,0.35,0.24,"11,95,832"
2022-11-16T18:30:00.000Z,2002,2059,2001.1,2029.55,1.3,1.18,"37,86,182"
2022-11-17T18:30:00.000Z,2039,2050.95,2006.85,2024.45,-0.25,-0.36,"12,48,459"
2022-11-20T18:30:00.000Z,2019,2033,2007,2011.45,-0.64,-0.75,"7,14,687"
2022-11-21T18:30:00.000Z,2021.55,2033.15,2019.6,2029.8,0.91,0.8,"13,37,869"
2022-11-22T18:30:00.000Z,2038.95,2044,2018,2025,-0.24,-0.35,"10,46,988"
2022-11-23T18:30:00.000Z,2030.5,2060,2028.4,2052.2,1.34,1.23,"16,11,889"
2022-11-24T18:30:00.000Z,2061,2095.8,2058.45,2062.75,0.51,0.4,"26,52,761"
2022-11-27T18:30:00.000Z,2064.35,2072,2052,2064.45,0.08,-0.03,"11,05,372"
2022-11-28T18:30:00.000Z,2070,2072,2038.6,2050.55,-0.67,-0.79,"14,13,764"
2022-11-29T18:30:00.000Z,2053,2086,2045,2074.85,1.19,1.07,"21,04,550"
2022-11-30T18:30:00.000Z,2085.25,2110,2079.45,2104.25,1.42,1.3,"26,14,357"
2022-12-01T18:30:00.000Z,2096.1,2098.9,2069.15,2085.5,-0.89,-1,"19,57,264"
2022-12-04T18:30:00.000Z,2095.95,2096.8,2068.85,2085.6,0,-0.11,"17,67,537"
2022-12-05T18:30:00.000Z,2081,2100,2067,2093.5,0.38,0.27,"15,30,731"
2022-12-06T18:30:00.000Z,2096.3,2144,2096.3,2124,1.46,1.34,"34,38,327"
2022-12-07T18:30:00.000Z,2120,2175,2120,2167.7,2.06,1.95,"37,43,754"
2022-12-08T18:30:00.000Z,2168,2194.35,2137.5,2154.05,-0.63,-0.74,"25,73,609"
2022-12-11T18:30:00.000Z,2148.9,2169,2134.55,2163.7,0.45,0.34,"15,36,090"
2022-12-12T18:30:00.000Z,2170,2175.7,2152.5,2172.9,0.43,0.31,"12,33,124"
2022-12-13T18:30:00.000Z,2176.95,2210,2175.05,2195.45,1.04,0.93,"15,16,631"
2022-12-14T18:30:00.000Z,2196.7,2209,2173.6,2177.55,-0.82,-0.93,"13,23,412"
2022-12-15T18:30:00.000Z,2161,2211.6,2161,2175,-0.12,-0.23,"28,22,390"
2022-12-18T18:30:00.000Z,2171,2187.45,2155.05,2184,0.41,0.3,"15,92,779"
2022-12-19T18:30:00.000Z,2179.9,2179.9,2138,2163.25,-0.95,-1.06,"17,47,181"
2022-12-20T18:30:00.000Z,2153.1,2174.95,2142.85,2146.3,-0.78,-0.9,"19,79,681"
2022-12-21T18:30:00.000Z,2144,2148.35,2096.9,2109.95,-1.69,-1.81,"19,93,744"
2022-12-22T18:30:00.000Z,2094.5,2104.15,2050.1,2062.75,-2.24,-2.35,"20,26,125"
2022-12-25T18:30:00.000Z,2052.75,2108,2051,2091.05,1.37,1.26,"11,54,610"
2022-12-26T18:30:00.000Z,2101.55,2128,2085,2124.1,1.58,1.47,"10,59,351"
2022-12-27T18:30:00.000Z,2129,2136,2113.65,2121.1,-0.14,-0.25,"11,53,883"
2022-12-28T18:30:00.000Z,2109.65,2120.55,2094.15,2110.9,-0.48,-0.59,"15,17,150"
2022-12-29T18:30:00.000Z,2115,2133,2081.1,2085.8,-1.19,-1.3,"11,89,427"
2023-01-01T18:30:00.000Z,2092.9,2097.6,2075.05,2089.45,0.17,0.06,"8,07,344"
2023-01-02T18:30:00.000Z,2088,2096.8,2067.95,2088.95,-0.02,-0.14,"12,60,225"
2023-01-03T18:30:00.000Z,2090.95,2101.45,2058,2070.55,-0.88,-0.99,"10,15,547"
2023-01-04T18:30:00.000Z,2080,2099.2,2068.5,2087.35,0.81,0.7,"18,81,403"
2023-01-05T18:30:00.000Z,2090.2,2121.7,2071.85,2086.55,-0.04,-0.15,"18,77,917"
2023-01-08T18:30:00.000Z,2108,2127.3,2100.75,2121.7,1.68,1.57,"18,44,365"
2023-01-09T18:30:00.000Z,2131.9,2131.9,2097.2,2106.65,-0.71,-0.82,"14,25,414"
2023-01-10T18:30:00.000Z,2106.1,2140,2097.1,2125.35,0.89,0.78,"14,55,621"
2023-01-11T18:30:00.000Z,2118.1,2164.65,2118.1,2159.75,1.62,1.51,"27,26,901"
2023-01-12T18:30:00.000Z,2161.9,2164.85,2117.2,2153.4,-0.29,-0.41,"21,80,210"
2023-01-15T18:30:00.000Z,2147,2161,2132.3,2137.2,-0.75,-0.86,"10,09,649"
2023-01-16T18:30:00.000Z,2139.9,2217.8,2136.4,2213.1,3.55,3.44,"46,45,453"
2023-01-17T18:30:00.000Z,2221,2274.8,2200,2266.5,2.41,2.3,"40,90,049"
2023-01-18T18:30:00.000Z,2259.85,2283.8,2241,2273.1,0.29,0.18,"21,76,835"
2023-01-19T18:30:00.000Z,2282.45,2297.65,2238.45,2249.95,-1.02,-1.13,"19,62,410"
2023-01-22T18:30:00.000Z,2255,2273.3,2227,2233.5,-0.73,-0.84,"14,66,706"
2023-01-23T18:30:00.000Z,2244.7,2252.3,2200,2207.5,-1.16,-1.28,"10,36,962"
2023-01-24T18:30:00.000Z,2201,2205,2155,2174.7,-1.49,-1.6,"21,34,447"
2023-01-26T18:30:00.000Z,2174.7,2195,2127.1,2159.85,-0.68,-0.79,"16,47,900"
2023-01-29T18:30:00.000Z,2129.4,2173.25,2083.8,2112.9,-2.17,-2.29,"34,41,304"
2023-01-30T18:30:00.000Z,2119.95,2132.75,2072.65,2124.4,0.54,0.43,"45,16,463"
2023-01-31T18:30:00.000Z,2133,2215.95,2080.3,2145.55,1,0.88,"68,68,872"
2023-02-01T18:30:00.000Z,2135.6,2166.95,2107.85,2144.9,-0.03,-0.14,"34,88,506"
2023-02-02T18:30:00.000Z,2176.95,2181.85,2131.05,2166.55,1.01,0.9,"20,45,634"
2023-02-05T18:30:00.000Z,2164.25,2181.6,2142.3,2156.1,-0.48,-0.59,"13,32,484"
2023-02-06T18:30:00.000Z,2162.25,2172,2150.05,2165.3,0.43,0.31,"10,89,248"
2023-02-07T18:30:00.000Z,2160.55,2175.25,2125.55,2130.85,-1.59,-1.7,"14,52,145"
2023-02-08T18:30:00.000Z,2150,2151.95,2135.7,2147.4,0.78,0.66,"15,63,181"
2023-02-09T18:30:00.000Z,2140.2,2169.95,2137.55,2163.85,0.77,0.65,"14,54,665"
2023-02-12T18:30:00.000Z,2173,2210.4,2160.2,2203.3,1.82,1.71,"29,78,938"
2023-02-13T18:30:00.000Z,2215,2216,2182.15,2191.65,-0.53,-0.64,"18,74,906"
2023-02-14T18:30:00.000Z,2186,2187.85,2157.25,2175.05,-0.76,-0.87,"19,46,344"
2023-02-15T18:30:00.000Z,2186.8,2202.3,2171.7,2178.3,0.15,0.04,"24,64,602"
2023-02-16T18:30:00.000Z,2169.8,2249,2160,2226.35,2.21,2.09,"37,53,179"
2023-02-19T18:30:00.000Z,2233.7,2252,2215,2225.5,-0.04,-0.15,"17,79,752"
2023-02-20T18:30:00.000Z,2239,2262,2222.7,2229.45,0.18,0.07,"18,82,604"
2023-02-21T18:30:00.000Z,2229,2241,2182.05,2194.75,-1.56,-1.67,"21,03,097"
2023-02-22T18:30:00.000Z,2204,2208.2,2153.5,2159.15,-1.62,-1.73,"20,00,556"
2023-02-23T18:30:00.000Z,2160,2172.3,2118.75,2134.05,-1.16,-1.27,"14,79,060"
2023-02-26T18:30:00.000Z,2134.05,2139.9,2082.1,2113.7,-0.95,-1.07,"13,98,112"
2023-02-27T18:30:00.000Z,2115,2138.3,2085,2109.15,-0.22,-0.33,"21,08,587"
2023-02-28T18:30:00.000Z,2100,2130,2100,2115.3,0.29,0.18,"13,89,077"
2023-03-01T18:30:00.000Z,2129.95,2149,2107.55,2121.6,0.3,0.19,"17,27,640"
2023-03-02T18:30:00.000Z,2140,2159.9,2132.25,2152.05,1.44,1.32,"18,21,066"
2023-03-05T18:30:00.000Z,2158.25,2184.85,2139.8,2141.15,-0.51,-0.62,"18,21,012"
2023-03-07T18:30:00.000Z,2152,2189.6,2140.6,2170.8,1.38,1.27,"29,65,342"
2023-03-08T18:30:00.000Z,2174.95,2199,2171.5,2193.2,1.03,0.92,"18,73,933"
2023-03-09T18:30:00.000Z,2171.5,2182,2133,2157.85,-1.61,-1.72,"19,00,535"
2023-03-12T18:30:00.000Z,2164.05,2178.95,2107,2133.85,-1.11,-1.22,"23,34,468"
2023-03-13T18:30:00.000Z,2144.35,2171,2134.4,2144.2,0.49,0.37,"28,71,343"
2023-03-14T18:30:00.000Z,2164.2,2212.45,2160,2176.65,1.51,1.4,"30,44,201"
2023-03-15T18:30:00.000Z,2184.9,2187,2132,2173.6,-0.14,-0.25,"29,46,792"
2023-03-16T18:30:00.000Z,2186.7,2228.9,2186.7,2195.75,1.02,0.91,"32,86,473"
2023-03-19T18:30:00.000Z,2191.1,2205,2152,2177.55,-0.83,-0.94,"19,96,773"
2023-03-20T18:30:00.000Z,2182.7,2227,2182,2208.45,1.42,1.31,"31,78,680"
2023-03-21T18:30:00.000Z,2219.5,2246.25,2207.9,2213.95,0.25,0.14,"19,56,033"
2023-03-22T18:30:00.000Z,2214,2242,2200.55,2206.65,-0.33,-0.44,"24,55,799"
2023-03-23T18:30:00.000Z,2206,2219.35,2153.05,2166.15,-1.84,-1.95,"14,49,544"
2023-03-26T18:30:00.000Z,2175.05,2190,2150,2154,-0.56,-0.67,"15,40,581"
2023-03-27T18:30:00.000Z,2167.75,2169.8,2122.45,2133.6,-0.95,-1.06,"16,27,243"
2023-03-28T18:30:00.000Z,2137.65,2159.3,2121,2147.45,0.65,0.54,"23,72,385"
2023-03-30T18:30:00.000Z,2156.5,2176.95,2150.55,2164.2,0.78,0.67,"14,89,542"
2023-04-02T18:30:00.000Z,2180,2183.5,2155,2170.15,0.27,0.16,"12,31,654"
2023-04-04T18:30:00.000Z,2170,2262.5,2165,2257.75,4.04,3.92,"27,63,363"
2023-04-05T18:30:00.000Z,2257.75,2291.65,2254.45,2274.25,0.73,0.62,"23,89,899"
2023-04-09T18:30:00.000Z,2284.9,2319.9,2278.05,2309.7,1.56,1.45,"19,55,914"
2023-04-10T18:30:00.000Z,2320,2330,2287.3,2301.5,-0.36,-0.47,"13,42,440"
2023-04-11T18:30:00.000Z,2304,2312.7,2281.95,2288.5,-0.56,-0.68,"11,65,839"
2023-04-12T18:30:00.000Z,2294.8,2295,2242.45,2258.75,-1.3,-1.41,"19,56,668"
2023-04-16T18:30:00.000Z,2258.75,2273.8,2201.15,2214,-1.98,-2.09,"41,25,850"
2023-04-17T18:30:00.000Z,2220,2230,2188,2216.6,0.12,0.01,"28,48,601"
2023-04-18T18:30:00.000Z,2208.1,2235,2208.1,2219.6,0.14,0.02,"19,70,015"
2023-04-19T18:30:00.000Z,2225,2251.45,2222.25,2232.75,0.59,0.48,"18,98,996"
2023-04-20T18:30:00.000Z,2240.15,2243,2202,2215.2,-0.79,-0.9,"10,09,316"
2023-04-23T18:30:00.000Z,2220,2232.7,2186.55,2228.9,0.62,0.51,"12,39,073"
2023-04-24T18:30:00.000Z,2231.05,2254,2218.1,2247.95,0.85,0.74,"13,50,118"
2023-04-25T18:30:00.000Z,2247.85,2287.3,2244.05,2276.15,1.25,1.14,"18,94,812"
2023-04-26T18:30:00.000Z,2275.75,2310,2267.1,2305.6,1.29,1.18,"12,52,989"
2023-04-27T18:30:00.000Z,2312.3,2369,2312.3,2364.4,2.55,2.44,"28,84,961"
2023-05-01T18:30:00.000Z,2373.2,2416.35,2373.2,2384.45,0.85,0.74,"18,40,153"
2023-05-02T18:30:00.000Z,2384.1,2390,2348.5,2356.3,-1.18,-1.29,"9,98,235"
2023-05-03T18:30:00.000Z,2361.8,2381.65,2342.85,2356.9,0.03,-0.09,"12,30,912"
2023-05-04T18:30:00.000Z,2357,2406.95,2357,2377.5,0.87,0.76,"24,25,866"
2023-05-07T18:30:00.000Z,2377.45,2385,2354.05,2365.4,-0.51,-0.62,"15,83,576"
2023-05-08T18:30:00.000Z,2367.65,2401.9,2367.65,2374.35,0.38,0.27,"14,17,301"
2023-05-09T18:30:00.000Z,2387,2388.95,2350,2364.45,-0.42,-0.53,"16,75,409"
2023-05-10T18:30:00.000Z,2300,2314.05,2237.35,2242.15,-5.17,-5.28,"94,70,848"
2023-05-11T18:30:00.000Z,2222.65,2235,2197.35,2221.1,-0.94,-1.05,"53,67,292"
2023-05-14T18:30:00.000Z,2220.9,2260,2215,2246.85,1.16,1.05,"26,62,740"
2023-05-15T18:30:00.000Z,2254.6,2255,2223.1,2227.2,-0.87,-0.99,"25,28,855"
2023-05-16T18:30:00.000Z,2224.35,2244,2210.2,2219.6,-0.34,-0.45,"19,61,004"
2023-05-17T18:30:00.000Z,2230,2233.55,2181,2188.2,-1.41,-1.53,"22,90,757"
2023-05-18T18:30:00.000Z,2192,2199.05,2168.5,2190.05,0.08,-0.03,"17,29,803"
2023-05-21T18:30:00.000Z,2190,2222,2178.4,2216.6,1.21,1.1,"11,12,099"
2023-05-22T18:30:00.000Z,2225.6,2228.6,2194,2197.65,-0.85,-0.97,"22,65,389"
2023-05-23T18:30:00.000Z,2200,2208.5,2176,2185.15,-0.57,-0.68,"26,48,479"
2023-05-24T18:30:00.000Z,2190,2207.3,2178,2204.7,0.89,0.78,"16,89,521"
2023-05-25T18:30:00.000Z,2209,2220.75,2201,2218.45,0.62,0.51,"12,49,128"
2023-05-28T18:30:00.000Z,2225,2241.8,2220.2,2224.55,0.27,0.16,"13,69,656"
2023-05-29T18:30:00.000Z,2230,2237,2207.2,2210.8,-0.62,-0.73,"17,16,729"
2023-05-30T18:30:00.000Z,2201.1,2224,2200,2205.65,-0.23,-0.35,"28,09,284"
2023-05-31T18:30:00.000Z,2217,2222,2202.15,2207.8,0.1,-0.01,"10,49,488"
2023-06-01T18:30:00.000Z,2221,2237.3,2212.15,2234.55,1.21,1.1,"13,99,950"
2023-06-04T18:30:00.000Z,2245,2272.8,2240,2268.3,1.51,1.4,"23,44,944"
2023-06-05T18:30:00.000Z,2269,2280.7,2263.7,2277.95,0.43,0.31,"16,77,680"
2023-06-06T18:30:00.000Z,2278,2318,2278,2315.5,1.65,1.54,"21,28,603"
2023-06-07T18:30:00.000Z,2316.95,2345.05,2312.75,2340.3,1.07,0.96,"25,56,995"
2023-06-08T18:30:00.000Z,2345,2368.85,2338.25,2363,0.97,0.86,"25,01,720"
2023-06-11T18:30:00.000Z,2365,2370,2333.1,2339.95,-0.98,-1.09,"11,72,382"
2023-06-12T18:30:00.000Z,2345.85,2357.9,2327.1,2354.4,0.62,0.51,"16,88,768"
2023-06-13T18:30:00.000Z,2352.9,2360,2340,2355.05,0.03,-0.08,"10,13,564"
2023-06-14T18:30:00.000Z,2355,2369.5,2349,2361.3,0.27,0.15,"25,61,534"
2023-06-15T18:30:00.000Z,2363.75,2380,2352.25,2366.8,0.23,0.12,"17,94,542"
2023-06-18T18:30:00.000Z,2379,2419.9,2361,2366.35,-0.02,-0.13,"31,11,256"
2023-06-19T18:30:00.000Z,2364.95,2389.65,2354.45,2382,0.66,0.55,"17,71,306"
2023-06-20T18:30:00.000Z,2382,2412,2382,2394.45,0.52,0.41,"16,07,299"
2023-06-21T18:30:00.000Z,2394.6,2424,2380,2416.25,0.91,0.8,"17,41,775"
2023-06-22T18:30:00.000Z,2418.95,2427,2383.25,2389.55,-1.11,-1.22,"12,12,955"
2023-06-25T18:30:00.000Z,2398.1,2403.85,2367.95,2377.55,-0.5,-0.61,"7,93,572"
2023-06-26T18:30:00.000Z,2387.45,2396.95,2371.55,2388.05,0.44,0.33,"10,12,317"
2023-06-27T18:30:00.000Z,2400,2432.9,2390.05,2421.45,1.4,1.29,"17,34,938"
2023-06-29T18:30:00.000Z,2420,2483.5,2415.05,2475.55,2.23,2.12,"26,90,699"
2023-07-02T18:30:00.000Z,2478.2,2492.4,2448,2454.05,-0.87,-0.98,"10,78,456"
2023-07-03T18:30:00.000Z,2458.2,2484.4,2458.2,2461.85,0.32,0.21,"14,41,581"
2023-07-04T18:30:00.000Z,2461,2484.95,2454.35,2470.8,0.36,0.25,"11,91,896"
2023-07-05T18:30:00.000Z,2468.1,2499.95,2467.55,2488.6,0.72,0.61,"17,96,824"
2023-07-06T18:30:00.000Z,2482.75,2504,2444.6,2449.35,-1.58,-1.69,"18,37,661"
2023-07-09T18:30:00.000Z,2450,2463.35,2420,2438.75,-0.43,-0.54,"11,78,479"
2023-07-10T18:30:00.000Z,2447.2,2479,2447.2,2474.55,1.47,1.36,"12,19,658"
2023-07-11T18:30:00.000Z,2480.3,2485.95,2447.8,2454.95,-0.79,-0.9,"18,22,435"
2023-07-12T18:30:00.000Z,2466,2484.9,2446.25,2450.15,-0.2,-0.31,"11,41,663"
2023-07-13T18:30:00.000Z,2450.25,2477.05,2448.65,2472.25,0.9,0.79,"8,45,623"
2023-07-16T18:30:00.000Z,2475,2494,2465,2468.8,-0.14,-0.25,"8,78,697"
2023-07-17T18:30:00.000Z,2469,2489.95,2468.1,2474.7,0.24,0.13,"7,20,865"
2023-07-18T18:30:00.000Z,2474.6,2502.95,2466.4,2494.15,0.79,0.67,"14,31,080"
2023-07-19T18:30:00.000Z,2494,2495.7,2469.05,2489.7,-0.18,-0.29,"10,45,704"
2023-07-20T18:30:00.000Z,2522,2595,2521.1,2586.25,3.88,3.77,"46,10,417"
2023-07-23T18:30:00.000Z,2637.65,2638,2583.9,2605.25,0.73,0.62,"21,55,297"
2023-07-24T18:30:00.000Z,2616,2617.75,2553,2560.9,-1.7,-1.81,"20,68,876"
2023-07-25T18:30:00.000Z,2591,2673.85,2585,2646.25,3.33,3.22,"58,20,099"
2023-07-26T18:30:00.000Z,2668.95,2676.35,2646.45,2660.2,0.53,0.42,"21,17,794"
2023-07-27T18:30:00.000Z,2660.15,2668.15,2625,2649.55,-0.4,-0.51,"13,25,724"
2023-07-30T18:30:00.000Z,2655,2690,2631.1,2681.35,1.2,1.09,"12,84,981"
2023-07-31T18:30:00.000Z,2681.35,2689,2655.35,2666.65,-0.55,-0.66,"12,98,745"
2023-08-01T18:30:00.000Z,2638,2644.95,2602.7,2622.15,-1.67,-1.78,"14,79,486"
2023-08-02T18:30:00.000Z,2615,2642.75,2586.3,2598.1,-0.92,-1.03,"16,12,618"
2023-08-03T18:30:00.000Z,2605,2635,2598.5,2626.9,1.11,1,"11,01,278"
2023-08-06T18:30:00.000Z,2628,2654,2623.1,2635.9,0.34,0.23,"11,63,125"
2023-08-07T18:30:00.000Z,2639.05,2649.5,2628.3,2632.2,-0.14,-0.25,"7,67,310"
2023-08-08T18:30:00.000Z,2635,2655,2615.25,2651.6,0.74,0.62,"9,06,865"
2023-08-09T18:30:00.000Z,2640.1,2661.6,2621.65,2643.5,-0.31,-0.42,"10,40,041"
2023-08-10T18:30:00.000Z,2642.05,2656.9,2631.25,2638.5,-0.19,-0.3,"13,20,121"
2023-08-13T18:30:00.000Z,2637,2663.55,2616,2659.9,0.81,0.7,"13,64,413"
2023-08-15T18:30:00.000Z,2669,2695,2652.05,2691.05,1.17,1.06,"17,03,875"
2023-08-16T18:30:00.000Z,2691.05,2691.05,2642,2652.5,-1.43,-1.54,"16,29,067"
2023-08-17T18:30:00.000Z,2650,2674.7,2632.75,2641.95,-0.4,-0.51,"18,98,966"
2023-08-20T18:30:00.000Z,2641.85,2666.6,2623.45,2662.25,0.77,0.66,"13,76,318"
2023-08-21T18:30:00.000Z,2668,2685.65,2662,2678.8,0.62,0.51,"14,97,180"
2023-08-22T18:30:00.000Z,2689.55,2726,2682.45,2717.6,1.45,1.34,"19,90,672"
2023-08-23T18:30:00.000Z,2747.5,2766.8,2680.6,2688.15,-1.08,-1.2,"26,19,182"
2023-08-24T18:30:00.000Z,2677.45,2682.7,2631,2638.4,-1.85,-1.96,"14,08,427"
2023-08-27T18:30:00.000Z,2653.55,2700,2650.05,2695.35,2.16,2.05,"15,51,734"
2023-08-28T18:30:00.000Z,2710,2722.1,2696.3,2718.95,0.88,0.76,"11,01,830"
2023-08-29T18:30:00.000Z,2722.95,2737.65,2707,2709,-0.37,-0.48,"19,20,079"
2023-08-30T18:30:00.000Z,2720,2724.6,2678.35,2702.7,-0.23,-0.34,"24,39,625"
2023-08-31T18:30:00.000Z,2710,2715.95,2688.3,2702.1,-0.02,-0.13,"12,63,430"
2023-09-03T18:30:00.000Z,2733,2742,2705,2711.1,0.33,0.22,"15,48,282"
2023-09-04T18:30:00.000Z,2720.5,2739,2720,2732.95,0.81,0.69,"10,66,447"
2023-09-05T18:30:00.000Z,2740,2742.8,2712,2730.45,-0.09,-0.2,"17,47,425"
2023-09-06T18:30:00.000Z,2733,2855.95,2730,2846.4,4.25,4.13,"41,00,519"
2023-09-07T18:30:00.000Z,2888,2928.7,2872.45,2901.6,1.94,1.83,"36,38,510"
2023-09-10T18:30:00.000Z,2905,2926,2890.05,2894.2,-0.26,-0.37,"15,45,803"
2023-09-11T18:30:00.000Z,2951.6,3009,2932.45,2944.1,1.72,1.61,"77,88,759"
2023-09-12T18:30:00.000Z,2943.5,2943.7,2888.45,2906.75,-1.27,-1.38,"24,58,417"
2023-09-13T18:30:00.000Z,2924.9,2931.65,2906,2918.6,0.41,0.3,"19,10,041"
2023-09-14T18:30:00.000Z,2933,2934.95,2900,2908.55,-0.34,-0.46,"16,55,275"
2023-09-17T18:30:00.000Z,2910,2930,2907,2919.85,0.39,0.28,"7,36,631"
2023-09-19T18:30:00.000Z,2926.95,2944.95,2886.05,2890,-1.02,-1.13,"13,99,240"
2023-09-20T18:30:00.000Z,2885.05,2905.1,2846.05,2899.35,0.32,0.21,"24,44,711"
2023-09-21T18:30:00.000Z,2908.7,2936.45,2902.25,2918.5,0.66,0.55,"19,65,569"
2023-09-24T18:30:00.000Z,2917.95,2923.8,2871,2902.5,-0.55,-0.66,"10,49,532"
2023-09-25T18:30:00.000Z,2915,2944,2910,2912.55,0.35,0.23,"9,53,456"
2023-09-26T18:30:00.000Z,2922,2994.9,2911.65,2965.05,1.8,1.69,"29,03,693"
2023-09-27T18:30:00.000Z,2989,3050.5,2978.25,3010,1.52,1.4,"40,81,102"
2023-09-28T18:30:00.000Z,3040,3058.35,3005.25,3023.55,0.45,0.34,"26,98,016"
2023-10-02T18:30:00.000Z,3040.5,3077.45,2995.1,3073.25,1.64,1.53,"32,54,492"
2023-10-03T18:30:00.000Z,3064.1,3064.1,2990.05,3027.75,-1.48,-1.59,"31,00,946"
2023-10-04T18:30:00.000Z,3032.55,3114.9,3032.55,3096.05,2.26,2.14,"34,13,447"
2023-10-05T18:30:00.000Z,3114.95,3114.95,3073.15,3093.7,-0.08,-0.19,"18,98,118"
2023-10-08T18:30:00.000Z,3075,3085,3055.55,3074.7,-0.61,-0.73,"11,81,760"
2023-10-09T18:30:00.000Z,3073.85,3099,3072.15,3076,0.04,-0.07,"15,51,789"
2023-10-10T18:30:00.000Z,3090,3110,3084.4,3088.7,0.41,0.3,"20,66,921"
2023-10-11T18:30:00.000Z,3094,3105.05,3067.05,3081.75,-0.23,-0.34,"18,70,280"
2023-10-12T18:30:00.000Z,3067.75,3099,3063.5,3089.6,0.25,0.14,"14,37,808"
2023-10-15T18:30:00.000Z,3098.95,3113.25,3074.7,3101.9,0.4,0.29,"8,18,794"
2023-10-16T18:30:00.000Z,3109.9,3114.2,3063,3066.3,-1.15,-1.26,"18,47,182"
2023-10-17T18:30:00.000Z,3068.65,3079.15,3037.15,3045.6,-0.68,-0.79,"13,50,839"
2023-10-18T18:30:00.000Z,3025.6,3069.9,3007.15,3054.4,0.29,0.18,"15,99,104"
2023-10-19T18:30:00.000Z,3039.95,3056.25,2977.3,3012.35,-1.38,-1.49,"16,67,471"
2023-10-22T18:30:00.000Z,3003,3006.9,2949,2958.3,-1.79,-1.91,"16,14,030"
2023-10-24T18:30:00.000Z,2959,2965.5,2910.3,2916.1,-1.43,-1.54,"21,08,353"
2023-10-25T18:30:00.000Z,2906,2916.15,2857.05,2864.6,-1.77,-1.88,"32,86,109"
2023-10-26T18:30:00.000Z,2864.65,2910.55,2857.65,2901.9,1.3,1.19,"23,99,538"
2023-10-29T18:30:00.000Z,2899.2,2932,2856.15,2926.35,0.84,0.73,"16,93,052"
2023-10-30T18:30:00.000Z,2929.95,2951.55,2907.95,2929.05,0.09,-0.02,"15,56,467"
2023-10-31T18:30:00.000Z,2947.45,2983.15,2871.05,2895.3,-1.15,-1.26,"38,75,595"
2023-11-01T18:30:00.000Z,2935,2937.85,2903.2,2918.1,0.79,0.68,"14,51,606"
2023-11-02T18:30:00.000Z,2934,2948.05,2905,2911.25,-0.23,-0.35,"11,36,175"
2023-11-05T18:30:00.000Z,2933,2979,2927.25,2975.45,2.21,2.09,"12,35,499"
2023-11-06T18:30:00.000Z,2970,2983.6,2956.1,2961.3,-0.48,-0.59,"11,12,206"
2023-11-07T18:30:00.000Z,2974.7,3002.75,2961,2996.45,1.19,1.07,"10,13,438"
2023-11-08T18:30:00.000Z,3003,3028.7,2997,3024.85,0.95,0.84,"17,19,911"
2023-11-09T18:30:00.000Z,3021.05,3044,3005.25,3033.25,0.28,0.17,"9,47,753"
2023-11-11T18:30:00.000Z,3054.95,3060,3044,3052,0.62,0.51,"2,56,389"
2023-11-12T18:30:00.000Z,3050,3054.35,3031.65,3048.5,-0.11,-0.23,"5,31,769"
2023-11-14T18:30:00.000Z,3062.35,3071.05,3055,3064.95,0.54,0.43,"11,60,184"
2023-11-15T18:30:00.000Z,3057.95,3082.1,3045,3051.15,-0.45,-0.56,"15,97,607"
2023-11-16T18:30:00.000Z,3050,3115.45,3045.15,3109,1.9,1.78,"13,25,050"
2023-11-19T18:30:00.000Z,3095.1,3111.95,3076.2,3088.8,-0.65,-0.76,"12,31,164"
2023-11-20T18:30:00.000Z,3088.5,3099,3062.45,3074.85,-0.45,-0.56,"18,84,782"
2023-11-21T18:30:00.000Z,3074.85,3088.65,3062.5,3082.3,0.24,0.13,"11,04,208"
2023-11-22T18:30:00.000Z,3080,3088,3031.05,3045.65,-1.19,-1.3,"15,14,688"
2023-11-23T18:30:00.000Z,3050,3067,3039.6,3054.25,0.28,0.17,"9,15,121"
2023-11-27T18:30:00.000Z,3054,3059.15,3035,3050,-0.14,-0.25,"12,10,508"
2023-11-28T18:30:00.000Z,3050,3089.9,3049,3083.75,1.11,0.99,"18,01,107"
2023-11-29T18:30:00.000Z,3076.3,3124.55,3058.7,3109.2,0.83,0.71,"31,31,624"
2023-11-30T18:30:00.000Z,3129.95,3197.95,3121.05,3190.65,2.62,2.51,"21,12,908"
2023-12-03T18:30:00.000Z,3285,3347.55,3250,3313.55,3.85,3.74,"30,95,974"
2023-12-04T18:30:00.000Z,3319.05,3325,3279.05,3315.45,0.06,-0.05,"16,59,309"
2023-12-05T18:30:00.000Z,3330,3401,3321,3392.3,2.32,2.21,"20,57,233"
2023-12-06T18:30:00.000Z,3392.3,3409.9,3337.05,3355.6,-1.08,-1.19,"21,28,823"
2023-12-07T18:30:00.000Z,3377,3430,3366,3378.45,0.68,0.57,"24,28,891"
2023-12-10T18:30:00.000Z,3377.95,3405,3360,3385.8,0.22,0.11,"15,34,238"
2023-12-11T18:30:00.000Z,3375,3375,3332,3342.4,-1.28,-1.39,"18,88,423"
2023-12-12T18:30:00.000Z,3352.95,3410,3346.2,3399.8,1.72,1.61,"15,09,107"
2023-12-13T18:30:00.000Z,3425.95,3440,3400.1,3433.1,0.98,0.87,"24,25,646"
2023-12-14T18:30:00.000Z,3435.15,3498.9,3432.85,3488,1.6,1.49,"26,32,935"
2023-12-17T18:30:00.000Z,3496,3506,3466,3491.6,0.1,-0.01,"17,67,429"
2023-12-18T18:30:00.000Z,3488.95,3525,3476.05,3498.95,0.21,0.1,"13,11,700"
2023-12-19T18:30:00.000Z,3505,3514.6,3412.55,3418.5,-2.3,-2.41,"18,76,048"
2023-12-20T18:30:00.000Z,3390.05,3439.95,3333,3424.15,0.17,0.05,"22,92,802"
2023-12-21T18:30:00.000Z,3424,3496,3408.6,3477.95,1.57,1.46,"16,81,707"
2023-12-25T18:30:00.000Z,3477.95,3508.35,3477.95,3490.05,0.35,0.24,"10,72,263"
2023-12-26T18:30:00.000Z,3510,3549,3504.15,3544,1.55,1.43,"13,89,266"
2023-12-27T18:30:00.000Z,3545,3559.95,3500.5,3518.05,-0.73,-0.84,"33,71,121"
2023-12-28T18:30:00.000Z,3531,3540,3495,3526,0.23,0.11,"9,68,577"
2023-12-31T18:30:00.000Z,3538,3538,3496.05,3525.45,-0.02,-0.13,"7,77,080"
2024-01-01T18:30:00.000Z,3525.05,3525.45,3432,3438.1,-2.48,-2.59,"15,11,464"
2024-01-02T18:30:00.000Z,3433,3465.85,3411.6,3440.35,0.07,-0.05,"12,83,859"
2024-01-03T18:30:00.000Z,3441.05,3480.1,3423,3458.7,0.53,0.42,"16,51,616"
2024-01-04T18:30:00.000Z,3464.95,3555,3460,3521.9,1.83,1.72,"20,69,018"
2024-01-07T18:30:00.000Z,3540,3559.95,3490,3501.1,-0.59,-0.7,"19,93,855"
2024-01-08T18:30:00.000Z,3527.45,3593.75,3520.1,3555.95,1.57,1.45,"18,07,271"
2024-01-09T18:30:00.000Z,3549.95,3558.95,3520,3545.5,-0.29,-0.41,"15,34,821"
2024-01-10T18:30:00.000Z,3545.5,3559.55,3500.55,3504.85,-1.15,-1.26,"11,05,348"
2024-01-11T18:30:00.000Z,3505.05,3578.65,3494.05,3568.8,1.82,1.71,"17,82,631"
2024-01-14T18:30:00.000Z,3576.1,3605.7,3538.05,3543.05,-0.72,-0.83,"17,83,518"
2024-01-15T18:30:00.000Z,3548,3589,3538,3573.5,0.86,0.75,"17,91,818"
2024-01-16T18:30:00.000Z,3555,3614.45,3547.7,3570.95,-0.07,-0.18,"26,99,076"
2024-01-17T18:30:00.000Z,3570.8,3616.95,3525,3596,0.7,0.59,"21,48,898"
2024-01-18T18:30:00.000Z,3603,3655.85,3603,3646,1.39,1.28,"19,13,923"
2024-01-19T18:30:00.000Z,3667,3670,3621.05,3634.5,-0.32,-0.43,"4,68,514"
2024-01-22T18:30:00.000Z,3637.6,3661.35,3536.2,3551,-2.3,-2.41,"17,42,142"
2024-01-23T18:30:00.000Z,3570,3617.95,3521.7,3589.2,1.08,0.96,"37,11,521"
2024-01-24T18:30:00.000Z,3599.9,3618.25,3564.8,3593.45,0.12,0.01,"22,06,540"
2024-01-28T18:30:00.000Z,3604,3733.85,3600.1,3708,3.19,3.08,"20,72,982"
2024-01-29T18:30:00.000Z,3715.95,3737.9,3624.9,3633.3,-2.01,-2.13,"14,54,989"
2024-01-30T18:30:00.000Z,3520,3538,3387.05,3479.75,-4.23,-4.34,"96,37,606"
2024-01-31T18:30:00.000Z,3480,3493.75,3371,3398,-2.35,-2.46,"61,49,780"
2024-02-01T18:30:00.000Z,3402.7,3436.35,3361,3376.05,-0.65,-0.76,"75,79,802"
2024-02-04T18:30:00.000Z,3375.5,3407.95,3318.45,3341.75,-1.02,-1.13,"29,54,238"
2024-02-05T18:30:00.000Z,3346,3427.75,3337.55,3424.25,2.47,2.36,"25,45,192"
2024-02-06T18:30:00.000Z,3445,3447,3389,3394.7,-0.86,-0.98,"20,99,940"
2024-02-07T18:30:00.000Z,3413,3417.8,3293.85,3335.5,-1.74,-1.86,"34,71,727"
2024-02-08T18:30:00.000Z,3336.25,3390,3308.95,3324.55,-0.33,-0.44,"31,21,873"
2024-02-11T18:30:00.000Z,3330,3339.15,3287,3299.55,-0.75,-0.86,"19,22,273"
2024-02-12T18:30:00.000Z,3312,3338.55,3284.1,3321.5,0.67,0.55,"21,51,493"
2024-02-13T18:30:00.000Z,3290.05,3316.95,3263.05,3309,-0.38,-0.49,"25,02,138"
2024-02-14T18:30:00.000Z,3309,3321.95,3290.2,3300.3,-0.26,-0.38,"19,99,189"
2024-02-15T18:30:00.000Z,3304.95,3398,3304.05,3386.75,2.62,2.51,"27,68,329"
2024-02-18T18:30:00.000Z,3400.55,3408,3335.5,3339.85,-1.38,-1.5,"12,16,447"
2024-02-19T18:30:00.000Z,3339.85,3367.75,3328.45,3356.75,0.51,0.39,"15,78,162"
2024-02-20T18:30:00.000Z,3356.9,3356.9,3290.05,3296.4,-1.8,-1.91,"24,30,672"
2024-02-21T18:30:00.000Z,3310,3369,3276.95,3363.75,2.04,1.93,"25,21,388"
2024-02-22T18:30:00.000Z,3363.75,3399.9,3340.75,3387.95,0.72,0.61,"21,07,176"
2024-02-25T18:30:00.000Z,3400,3491.65,3393,3470.15,2.43,2.31,"41,22,419"
2024-02-26T18:30:00.000Z,3475,3512,3451.9,3506.45,1.05,0.93,"21,22,286"
2024-02-27T18:30:00.000Z,3505,3513,3446.15,3470.2,-1.03,-1.15,"16,66,903"
2024-02-28T18:30:00.000Z,3485,3496,3436.45,3477.55,0.21,0.1,"21,19,512"
2024-02-29T18:30:00.000Z,3501.65,3658.35,3500,3633.5,4.48,4.37,"44,07,803"
2024-03-01T18:30:00.000Z,3647.9,3690,3646.2,3655.25,0.6,0.49,"2,46,957"
2024-03-03T18:30:00.000Z,3670,3679.8,3622.05,3644.45,-0.3,-0.41,"13,07,501"
2024-03-04T18:30:00.000Z,3631.2,3644.45,3590.3,3612.6,-0.87,-0.99,"19,81,370"
2024-03-05T18:30:00.000Z,3618,3652.45,3586.05,3642.2,0.82,0.71,"15,00,196"
2024-03-06T18:30:00.000Z,3660.75,3705.15,3643.25,3676.95,0.95,0.84,"23,44,401"
2024-03-10T18:30:00.000Z,3700,3700,3631.45,3640.6,-0.99,-1.1,"17,48,541"
2024-03-11T18:30:00.000Z,3639.05,3672,3613.15,3621.65,-0.52,-0.63,"14,70,377"
2024-03-12T18:30:00.000Z,3634.9,3636.8,3511.9,3538.55,-2.29,-2.41,"25,03,293"
2024-03-13T18:30:00.000Z,3527.05,3636,3522,3608.2,1.97,1.86,"45,28,490"
2024-03-14T18:30:00.000Z,3598,3603,3524.05,3537.15,-1.97,-2.08,"40,54,210"
2024-03-17T18:30:00.000Z,3537.15,3572.2,3526.7,3561.2,0.68,0.57,"13,54,787"
2024-03-18T18:30:00.000Z,3541,3549.5,3481,3501.7,-1.67,-1.78,"14,47,405"
2024-03-19T18:30:00.000Z,3502.75,3524.95,3487.75,3509.7,0.23,0.12,"14,42,811"
2024-03-20T18:30:00.000Z,3525.15,3596,3525.15,3560,1.43,1.32,"25,04,962"
2024-03-21T18:30:00.000Z,3546.2,3647.3,3546.2,3617.8,1.62,1.51,"30,20,545"
2024-03-25T18:30:00.000Z,3605,3676.9,3600,3670.1,1.45,1.33,"23,20,963"
2024-03-26T18:30:00.000Z,3683,3727.2,3670.1,3706.4,0.99,0.88,"23,87,693"
2024-03-27T18:30:00.000Z,3706.55,3813.35,3697.55,3763.9,1.55,1.44,"42,78,668"
2024-03-31T18:30:00.000Z,3780.85,3851.85,3780.85,3838,1.97,1.86,"19,05,190"
2024-04-01T18:30:00.000Z,3849.8,3860,3771.25,3807.4,-0.8,-0.91,"36,08,162"
2024-04-02T18:30:00.000Z,3799.7,3799.7,3770.15,3782.45,-0.66,-0.77,"16,84,618"
2024-04-03T18:30:00.000Z,3804.9,3819.75,3731.05,3797.85,0.41,0.3,"23,39,529"
2024-04-04T18:30:00.000Z,3770.1,3790,3716.25,3743.1,-1.44,-1.55,"16,45,597"
2024-04-07T18:30:00.000Z,3745,3819.8,3743.1,3807.85,1.73,1.62,"10,83,395"
2024-04-08T18:30:00.000Z,3820,3827.95,3775,3785.25,-0.59,-0.71,"19,97,057"
2024-04-09T18:30:00.000Z,3800,3800,3750.1,3753.2,-0.85,-0.96,"19,51,581"
2024-04-11T18:30:00.000Z,3749.95,3802.1,3663.5,3679.25,-1.97,-2.08,"34,37,544"
2024-04-14T18:30:00.000Z,3626.05,3679.85,3586.2,3600.8,-2.13,-2.24,"17,19,910"
2024-04-15T18:30:00.000Z,3580.05,3598.15,3529.45,3543.45,-1.59,-1.7,"22,91,042"
2024-04-17T18:30:00.000Z,3561.95,3617.65,3539.7,3550.95,0.21,0.1,"32,73,257"
2024-04-18T18:30:00.000Z,3525,3542.9,3472.4,3518.35,-0.92,-1.03,"27,59,031"
2024-04-21T18:30:00.000Z,3568.75,3620,3540.95,3612.7,2.68,2.57,"26,05,754"
2024-04-22T18:30:00.000Z,3632.75,3632.75,3588,3610.15,-0.07,-0.18,"14,34,580"
2024-04-23T18:30:00.000Z,3616.55,3654.95,3601.1,3634.85,0.68,0.57,"15,01,234"
2024-04-24T18:30:00.000Z,3616.1,3666,3611.6,3652.3,0.48,0.37,"24,20,380"
2024-04-25T18:30:00.000Z,3652,3660.9,3585,3605.2,-1.29,-1.4,"19,73,113"
2024-04-28T18:30:00.000Z,3606.1,3649.9,3605.2,3634.3,0.81,0.7,"13,96,979"
2024-04-29T18:30:00.000Z,3639,3648.95,3584.05,3594.3,-1.1,-1.21,"15,71,996"
2024-05-01T18:30:00.000Z,3590.05,3634.15,3576.05,3599.5,0.14,0.03,"37,48,847"
2024-05-02T18:30:00.000Z,3610,3622,3488.45,3499.8,-2.77,-2.88,"40,79,696"
2024-05-05T18:30:00.000Z,3522.8,3527,3441.1,3463.3,-1.04,-1.16,"26,14,667"
2024-05-06T18:30:00.000Z,3479.4,3496,3425,3427.75,-1.03,-1.14,"33,76,013"
2024-05-07T18:30:00.000Z,3429,3497.4,3367.8,3486.85,1.72,1.61,"41,16,670"
2024-05-08T18:30:00.000Z,3312.75,3377,3266.65,3275.45,-6.06,-6.17,"1,21,20,574"
2024-05-09T18:30:00.000Z,3281.6,3306.15,3234.6,3271.45,-0.12,-0.23,"41,32,191"
2024-05-12T18:30:00.000Z,3267.05,3315,3225.2,3293.85,0.68,0.57,"35,57,067"
2024-05-13T18:30:00.000Z,3300,3384.9,3293.4,3379.45,2.6,2.49,"28,70,328"
2024-05-14T18:30:00.000Z,3390,3417.4,3353.15,3411.3,0.94,0.83,"27,18,682"
2024-05-15T18:30:00.000Z,3428.95,3468.5,3378.7,3460.6,1.45,1.33,"33,98,714"
2024-05-16T18:30:00.000Z,3475.95,3475.95,3412.15,3450.75,-0.28,-0.4,"26,76,919"
2024-05-17T18:30:00.000Z,3452,3468,3445.8,3464.2,0.39,0.28,"1,41,462"
2024-05-20T18:30:00.000Z,3458,3470.3,3434,3440.95,-0.67,-0.78,"21,00,848"
2024-05-21T18:30:00.000Z,3450.05,3472.7,3435.05,3460.85,0.58,0.47,"14,09,992"
2024-05-22T18:30:00.000Z,3460.9,3601.65,3455,3585.4,3.6,3.49,"45,25,637"
2024-05-23T18:30:00.000Z,3586,3659,3582.3,3625.9,1.13,1.02,"27,40,360"
2024-05-26T18:30:00.000Z,3644.9,3695,3600,3652,0.72,0.61,"25,70,708"
2024-05-27T18:30:00.000Z,3652,3685.25,3646.05,3658.2,0.17,0.06,"14,40,187"
2024-05-28T18:30:00.000Z,3611,3661.85,3610.35,3634.8,-0.64,-0.75,"15,06,146"
2024-05-29T18:30:00.000Z,3626.05,3643.95,3607.75,3634.7,0,-0.11,"27,01,849"
2024-05-30T18:30:00.000Z,3636.4,3744.8,3636.4,3669.3,0.95,0.84,"64,32,341"
2024-06-02T18:30:00.000Z,3855.4,3919.9,3801.1,3897.15,6.21,6.1,"57,67,666"
2024-06-03T18:30:00.000Z,3852,3898,3320,3403.2,-12.67,-12.79,"99,20,882"
2024-06-04T18:30:00.000Z,3441.5,3441.5,3175.05,3409,0.17,0.06,"1,03,72,458"
2024-06-05T18:30:00.000Z,3438,3538.2,3385.3,3482.55,2.16,2.05,"83,74,602"
2024-06-06T18:30:00.000Z,3465.05,3548,3446,3532.5,1.43,1.32,"58,79,660"
2024-06-09T18:30:00.000Z,3521.05,3585,3521.05,3543.75,0.32,0.21,"31,51,257"
2024-06-10T18:30:00.000Z,3570,3639,3551.2,3598.7,1.55,1.44,"25,48,176"
2024-06-11T18:30:00.000Z,3615,3648.95,3578,3630.3,0.88,0.77,"22,42,274"
2024-06-12T18:30:00.000Z,3665.5,3715.9,3635,3703.65,2.02,1.91,"29,65,500"
2024-06-13T18:30:00.000Z,3718,3720,3675,3687.8,-0.43,-0.54,"17,46,508"
2024-06-17T18:30:00.000Z,3708,3710,3675,3689.2,0.04,-0.07,"19,36,792"
2024-06-18T18:30:00.000Z,3690,3699,3575,3589.95,-2.69,-2.8,"29,36,151"
2024-06-19T18:30:00.000Z,3584.95,3613.3,3564.6,3594.45,0.13,0.01,"26,18,715"
2024-06-20T18:30:00.000Z,3604.05,3610,3516,3535,-1.65,-1.77,"45,08,508"
2024-06-23T18:30:00.000Z,3520.35,3567,3505,3531.6,-0.1,-0.21,"23,30,559"
2024-06-24T18:30:00.000Z,3556.5,3591.95,3528,3587.8,1.59,1.48,"21,58,039"
2024-06-25T18:30:00.000Z,3601,3624.9,3592.25,3602.95,0.42,0.31,"24,80,187"
2024-06-26T18:30:00.000Z,3597.45,3601.3,3550,3564.4,-1.07,-1.18,"55,19,875"
2024-06-27T18:30:00.000Z,3540,3575.95,3538.1,3548.45,-0.45,-0.56,"31,41,514"
2024-06-30T18:30:00.000Z,3535.2,3541.4,3514,3526.55,-0.62,-0.73,"29,61,120"
2024-07-01T18:30:00.000Z,3535.05,3634,3535.05,3626.5,2.83,2.72,"50,87,748"
2024-07-02T18:30:00.000Z,3650.35,3650.5,3605,3614.35,-0.34,-0.45,"19,23,801"
2024-07-03T18:30:00.000Z,3616.1,3644,3565.8,3573.3,-1.14,-1.25,"18,51,947"
2024-07-04T18:30:00.000Z,3573.3,3638,3568,3627.15,1.51,1.39,"16,35,209"
2024-07-07T18:30:00.000Z,3640.1,3645.7,3594,3632,0.13,0.02,"17,06,210"
2024-07-08T18:30:00.000Z,3650,3685,3646.1,3666.1,0.94,0.83,"24,25,176"
2024-07-09T18:30:00.000Z,3685.05,3694,3601,3650.05,-0.44,-0.55,"22,31,438"
2024-07-10T18:30:00.000Z,3660,3684.6,3603,3621.1,-0.79,-0.91,"29,42,924"
2024-07-11T18:30:00.000Z,3630,3667.7,3612.7,3649.35,0.78,0.67,"20,01,185"
2024-07-14T18:30:00.000Z,3670,3674,3637,3651.6,0.06,-0.05,"9,43,302"
2024-07-15T18:30:00.000Z,3646.1,3651.6,3621,3636.55,-0.41,-0.52,"22,20,953"
2024-07-17T18:30:00.000Z,3640,3679.25,3598.65,3656.2,0.54,0.43,"32,40,772"
2024-07-18T18:30:00.000Z,3651,3658.95,3610,3618.5,-1.03,-1.14,"24,32,533"
2024-07-21T18:30:00.000Z,3617.9,3661.85,3567.6,3651.45,0.91,0.8,"36,39,057"
2024-07-22T18:30:00.000Z,3669.6,3714,3460,3538.05,-3.11,-3.22,"69,57,691"
2024-07-23T18:30:00.000Z,3549,3557.95,3501,3519.45,-0.53,-0.64,"31,84,060"
2024-07-24T18:30:00.000Z,3539,3630.9,3532.05,3619.15,2.83,2.72,"46,91,483"
2024-07-25T18:30:00.000Z,3629,3701,3596.1,3679.9,1.68,1.57,"26,17,659"
2024-07-28T18:30:00.000Z,3701,3790,3686.6,3774.95,2.58,2.47,"41,59,919"
2024-07-29T18:30:00.000Z,3774.85,3795,3738.6,3784.65,0.26,0.14,"19,79,989"
2024-07-30T18:30:00.000Z,3777.05,3822,3763.1,3815,0.8,0.69,"27,03,636"
2024-07-31T18:30:00.000Z,3810,3838.95,3765.85,3779.3,-0.94,-1.05,"19,98,663"
2024-08-01T18:30:00.000Z,3730.35,3748.9,3657.1,3665.7,-3.01,-3.12,"25,12,525"
2024-08-04T18:30:00.000Z,3597,3607.9,3511.5,3528,-3.76,-3.87,"29,00,685"
2024-08-05T18:30:00.000Z,3548,3634.9,3546,3576.2,1.37,1.25,"21,25,532"
2024-08-06T18:30:00.000Z,3630,3655.75,3610.35,3638.25,1.74,1.62,"16,13,097"
2024-08-07T18:30:00.000Z,3621,3628.75,3547.45,3553.55,-2.33,-2.44,"20,38,088"
2024-08-08T18:30:00.000Z,3600,3605.55,3575.7,3592.05,1.08,0.97,"8,48,232"
2024-08-11T18:30:00.000Z,3579,3611,3563,3571.95,-0.56,-0.67,"19,65,035"
2024-08-12T18:30:00.000Z,3580,3607,3545.2,3551.8,-0.56,-0.68,"13,16,218"
2024-08-13T18:30:00.000Z,3558.95,3578.7,3536.5,3545.2,-0.19,-0.3,"15,84,372"
2024-08-15T18:30:00.000Z,3578,3580.9,3533,3568.35,0.65,0.54,"28,08,865"
2024-08-18T18:30:00.000Z,3599.85,3599.9,3547,3555.05,-0.37,-0.48,"18,98,535"
2024-08-19T18:30:00.000Z,3562,3580,3548,3572.7,0.5,0.38,"12,85,569"
2024-08-20T18:30:00.000Z,3590,3615.3,3581.9,3596.05,0.65,0.54,"17,14,248"
2024-08-21T18:30:00.000Z,3607.05,3612.15,3583.95,3606.5,0.29,0.18,"17,34,927"
2024-08-22T18:30:00.000Z,3606.5,3622,3587.05,3598.55,-0.22,-0.33,"18,25,180"
2024-08-25T18:30:00.000Z,3611,3648,3594.7,3641.9,1.2,1.09,"16,06,911"
2024-08-26T18:30:00.000Z,3642.65,3737,3636,3702.7,1.67,1.56,"33,15,435"
2024-08-27T18:30:00.000Z,3705,3724.4,3685,3689.05,-0.37,-0.48,"12,78,175"
2024-08-28T18:30:00.000Z,3690.5,3710,3651.55,3683.45,-0.15,-0.26,"21,65,489"
2024-08-29T18:30:00.000Z,3718.35,3745,3666.4,3704.65,0.58,0.46,"25,92,912"
2024-09-01T18:30:00.000Z,3706,3721.95,3666.35,3683.1,-0.58,-0.69,"12,77,813"
2024-09-02T18:30:00.000Z,3693.95,3713.95,3666.9,3690.15,0.19,0.08,"12,11,993"
2024-09-03T18:30:00.000Z,3650,3681,3631.1,3650.8,-1.07,-1.18,"19,30,121"
2024-09-04T18:30:00.000Z,3668,3668,3608.4,3624.15,-0.73,-0.84,"29,58,770"
2024-09-05T18:30:00.000Z,3615.1,3623.8,3536.2,3574.75,-1.36,-1.48,"30,96,557"
2024-09-08T18:30:00.000Z,3584,3594,3553.85,3578.3,0.1,-0.01,"14,54,589"
2024-09-09T18:30:00.000Z,3585,3625,3571,3596.15,0.5,0.39,"12,03,483"
2024-09-10T18:30:00.000Z,3595,3603.95,3516.4,3536.95,-1.65,-1.76,"18,65,165"
2024-09-11T18:30:00.000Z,3558,3638.05,3534,3622,2.4,2.29,"37,51,523"
2024-09-12T18:30:00.000Z,3622,3634.75,3600.05,3613,-0.25,-0.36,"17,52,455"
2024-09-15T18:30:00.000Z,3619.15,3670,3613,3662.25,1.36,1.25,"10,45,964"
2024-09-16T18:30:00.000Z,3668,3705,3659.7,3695.2,0.9,0.79,"12,89,060"
2024-09-17T18:30:00.000Z,3689,3757.95,3684.2,3730.45,0.95,0.84,"22,49,929"
2024-09-18T18:30:00.000Z,3750,3750.4,3674,3683.7,-1.25,-1.37,"17,11,564"
2024-09-19T18:30:00.000Z,3700,3809.9,3680.25,3793.9,2.99,2.88,"54,01,701"
2024-09-22T18:30:00.000Z,3800,3838.8,3749,3787.7,-0.16,-0.28,"19,37,874"
2024-09-23T18:30:00.000Z,3787.7,3831.8,3775,3791.6,0.1,-0.01,"26,76,546"
2024-09-24T18:30:00.000Z,3787.55,3813.2,3778,3793.85,0.06,-0.05,"21,13,862"
2024-09-25T18:30:00.000Z,3801,3802.95,3736.4,3762.15,-0.84,-0.95,"27,50,597"
2024-09-26T18:30:00.000Z,3738,3738,3651,3705.65,-1.5,-1.61,"40,95,425"
2024-09-29T18:30:00.000Z,3699,3715.65,3665,3675.55,-0.81,-0.92,"18,37,697"
2024-09-30T18:30:00.000Z,3667,3724,3639.35,3653.5,-0.6,-0.71,"16,74,100"
2024-10-02T18:30:00.000Z,3582.5,3617,3485.4,3497.65,-4.27,-4.38,"53,15,877"
2024-10-03T18:30:00.000Z,3515,3553.55,3468.5,3493.95,-0.11,-0.22,"34,45,879"
2024-10-06T18:30:00.000Z,3505,3512.95,3429,3468.35,-0.73,-0.84,"23,04,227"
2024-10-07T18:30:00.000Z,3492.95,3538.5,3469,3532.4,1.85,1.73,"22,49,452"
2024-10-08T18:30:00.000Z,3542.05,3557.7,3481,3487.1,-1.28,-1.39,"16,45,791"
2024-10-09T18:30:00.000Z,3515,3554.9,3455.5,3460.35,-0.77,-0.88,"26,86,116"
2024-10-10T18:30:00.000Z,3469.4,3497.1,3447,3482.55,0.64,0.53,"12,80,465"
2024-10-13T18:30:00.000Z,3510,3573.85,3501.3,3555.05,2.08,1.97,"19,74,378"
2024-10-14T18:30:00.000Z,3570,3570,3520.15,3551.9,-0.09,-0.2,"12,31,552"
2024-10-15T18:30:00.000Z,3550,3581.9,3513.55,3532.6,-0.54,-0.66,"19,61,835"
2024-10-16T18:30:00.000Z,3549.9,3583,3521.8,3570.3,1.07,0.96,"29,68,537"
2024-10-17T18:30:00.000Z,3569.95,3592.45,3540.25,3577.8,0.21,0.1,"21,02,609"
2024-10-20T18:30:00.000Z,3580,3621.95,3571.3,3585.6,0.22,0.11,"17,50,549"
2024-10-21T18:30:00.000Z,3585,3591.65,3500,3511.9,-2.06,-2.17,"13,63,574"
2024-10-22T18:30:00.000Z,3501.05,3513.95,3443,3455.4,-1.61,-1.72,"21,25,268"
2024-10-23T18:30:00.000Z,3444,3474.6,3416.75,3442.65,-0.37,-0.48,"19,24,421"
2024-10-24T18:30:00.000Z,3425,3435,3315.05,3326.4,-3.38,-3.49,"32,36,774"
2024-10-27T18:30:00.000Z,3316,3373,3262.55,3340.8,0.43,0.32,"29,91,674"
2024-10-28T18:30:00.000Z,3316,3384.4,3316,3380.9,1.2,1.09,"22,53,467"
2024-10-29T18:30:00.000Z,3379.95,3438.4,3353,3408.35,0.81,0.7,"17,85,128"
2024-10-30T18:30:00.000Z,3530,3654.95,3508.35,3622.3,6.28,6.17,"76,37,083"
2024-10-31T18:30:00.000Z,3624.95,3641.9,3620,3626.35,0.11,0,"2,12,796"
2024-11-03T18:30:00.000Z,3624.95,3624.95,3530.9,3574.45,-1.43,-1.54,"17,24,189"
2024-11-04T18:30:00.000Z,3556,3585,3541.9,3574.8,0.01,-0.1,"12,51,506"
2024-11-05T18:30:00.000Z,3594,3659.9,3557.4,3645.45,1.98,1.86,"18,19,732"
2024-11-06T18:30:00.000Z,3647.35,3663,3620,3646.55,0.03,-0.08,"15,81,009"
2024-11-07T18:30:00.000Z,3640.4,3667,3620.65,3660.3,0.38,0.26,"16,22,142"
2024-11-10T18:30:00.000Z,3646,3661,3606,3628.85,-0.86,-0.97,"9,26,127"
2024-11-11T18:30:00.000Z,3650,3651,3580,3591.35,-1.03,-1.15,"11,16,206"
2024-11-12T18:30:00.000Z,3585,3604.85,3535.65,3547.95,-1.21,-1.32,"15,68,694"
2024-11-13T18:30:00.000Z,3558,3565.75,3500.15,3526.25,-0.61,-0.72,"12,91,765"
2024-11-17T18:30:00.000Z,3521.1,3568.3,3510.85,3542.15,0.45,0.34,"12,33,217"
2024-11-18T18:30:00.000Z,3559.9,3607,3495,3505.9,-1.02,-1.14,"18,26,460"
2024-11-20T18:30:00.000Z,3530,3530.55,3452.45,3483.5,-0.64,-0.75,"15,10,581"
2024-11-21T18:30:00.000Z,3500,3613.5,3473.1,3603.5,3.44,3.33,"25,34,018"
2024-11-24T18:30:00.000Z,3660,3761,3654,3753,4.15,4.04,"47,53,829"
2024-11-25T18:30:00.000Z,3754.9,3754.9,3690,3702.6,-1.34,-1.46,"11,41,534"
2024-11-26T18:30:00.000Z,3704,3720,3685,3698.7,-0.11,-0.22,"9,71,816"
2024-11-27T18:30:00.000Z,3700,3720.5,3648,3666.05,-0.88,-0.99,"21,24,283"
2024-11-28T18:30:00.000Z,3635.1,3750,3635.1,3724.8,1.6,1.49,"20,94,305"
2024-12-01T18:30:00.000Z,3706.85,3717.85,3672.9,3704.05,-0.56,-0.67,"11,58,369"
2024-12-02T18:30:00.000Z,3721,3798.85,3701.5,3787.05,2.24,2.13,"32,52,670"
2024-12-03T18:30:00.000Z,3775,3835,3758.05,3789.9,0.08,-0.04,"25,10,166"
2024-12-04T18:30:00.000Z,3810,3884,3760,3831.55,1.1,0.99,"27,65,170"
2024-12-05T18:30:00.000Z,3832,3883.95,3800,3866.7,0.92,0.81,"18,56,562"
2024-12-08T18:30:00.000Z,3867.5,3959,3867.5,3947.3,2.08,1.97,"33,32,753"
2024-12-09T18:30:00.000Z,3955,3963.5,3901.3,3923.15,-0.61,-0.72,"23,49,493"
2024-12-10T18:30:00.000Z,3923.15,3947.65,3902,3916.75,-0.16,-0.28,"12,37,958"
2024-12-11T18:30:00.000Z,3930,3959,3846.95,3859.9,-1.45,-1.56,"18,99,867"
2024-12-12T18:30:00.000Z,3859,3898,3794.2,3887,0.7,0.59,"23,00,361"
2024-12-15T18:30:00.000Z,3882,3914.4,3857.25,3877.85,-0.24,-0.35,"9,18,660"